{"cameraMode":{"drawMode":0,"name":"Shaded","section":"Shading Mode"},"sceneLighting":false,"audioPlay":false,"sceneViewState":{"showFog":true,"showMaterialUpdate":false,"showSkybox":true,"showFlares":true,"showImageEffects":true,"showParticleSystems":true},"in2DMode":false,"pivot":{"x":18.06999969482422,"y":2.3299999237060549,"z":-0.42368078231811526},"rotation":{"x":0.15201222896575929,"y":-0.09442471712827683,"z":0.014590682461857796,"w":0.9837573766708374},"size":7.761410236358643,"orthographic":false}