{"cameraMode":{"drawMode":0,"name":"Shaded","section":"Shading Mode"},"sceneLighting":false,"audioPlay":false,"sceneViewState":{"showFog":true,"showMaterialUpdate":false,"showSkybox":true,"showFlares":true,"showImageEffects":true,"showParticleSystems":true},"in2DMode":false,"pivot":{"x":1.6389470100402833,"y":2.5207877159118654,"z":0.6950932741165161},"rotation":{"x":-0.07216494530439377,"y":0.9228503108024597,"z":-0.21297602355480195,"w":-0.3126995265483856},"size":4.854729175567627,"orthographic":false}