{"cameraMode":{"drawMode":0,"name":"Shaded","section":"Shading Mode"},"sceneLighting":false,"audioPlay":false,"sceneViewState":{"showFog":true,"showMaterialUpdate":false,"showSkybox":true,"showFlares":true,"showImageEffects":true,"showParticleSystems":true},"in2DMode":false,"pivot":{"x":22.375642776489259,"y":12.467484474182129,"z":8.41610336303711},"rotation":{"x":-0.09071984887123108,"y":0.909216046333313,"z":-0.281561940908432,"w":-0.2929508090019226},"size":5.375915050506592,"orthographic":false}