{"cameraMode":{"drawMode":0,"name":"Shaded","section":"Shading Mode"},"sceneLighting":false,"audioPlay":false,"sceneViewState":{"showFog":true,"showMaterialUpdate":false,"showSkybox":true,"showFlares":true,"showImageEffects":true,"showParticleSystems":true},"in2DMode":false,"pivot":{"x":27.216529846191408,"y":9.544893264770508,"z":-21.395296096801759},"rotation":{"x":0.1747427135705948,"y":-0.042511582374572757,"z":0.007551522925496101,"w":0.9836703538894653},"size":18.311294555664064,"orthographic":false}